{"basename": "adrb2_fred", "gridsize": 0.5, "min_x": -3.4067, "max_x": 12.093300000000001, "min_y": -3.422, "max_y": 18.078, "min_z": 44.3002, "max_z": 65.30019999999999, "features": "extended"}